,prot_first,prot_second
0,uniprotkb_Q1H8W5,uniprotkb_Q1H8W5
1,uniprotkb_Q1H8W5,uniprotkb_Q1H8W5
2,uniprotkb_Q1H8W5,uniprotkb_Q1H8W5
3,uniprotkb_Q1H8W5,uniprotkb_Q1H8W5
4,uniprotkb_Q1H8W5,uniprotkb_Q1H8W5
5,uniprotkb_Q1H8W5,uniprotkb_Q1H8W5
6,uniprotkb_P05106,uniprotkb_P06935
7,uniprotkb_P05106,uniprotkb_P06935
8,uniprotkb_Q13232,uniprotkb_Q5ERI7
9,uniprotkb_Q16K62,uniprotkb_P06935-PRO_0000037746
10,uniprotkb_Q17NZ6,uniprotkb_P06935-PRO_0000037746
11,uniprotkb_Q17NZ6,uniprotkb_P06935-PRO_0000037746
12,uniprotkb_Q91CG6,uniprotkb_P45521
13,uniprotkb_Q91CG6,uniprotkb_P45521
14,uniprotkb_Q9BYC9,uniprotkb_Q8JU44
15,uniprotkb_P06935,uniprotkb_P05106
16,uniprotkb_P06935,uniprotkb_P05106
17,uniprotkb_Q5ERI7,uniprotkb_Q9BUZ4
18,uniprotkb_Q8JU44,uniprotkb_O15078
19,uniprotkb_P45521,uniprotkb_Q91CG6
20,uniprotkb_P45521,uniprotkb_Q91CG6
21,uniprotkb_P06935-PRO_0000037746,uniprotkb_Q17NZ6
22,uniprotkb_P06935-PRO_0000037746,uniprotkb_Q17NZ6
23,uniprotkb_P06935-PRO_0000037743,uniprotkb_Q9BRP8
24,uniprotkb_Q9H6S1,uniprotkb_Q5ERI7
25,uniprotkb_P03316,uniprotkb_P03316
26,uniprotkb_P14335-PRO_0000037713,uniprotkb_Q5M9Q1
27,uniprotkb_P63241,uniprotkb_P14335-PRO_0000037710
28,uniprotkb_Q76N89,uniprotkb_P14335-PRO_0000037713
29,uniprotkb_Q12873,uniprotkb_P14335-PRO_0000037713
30,uniprotkb_P08727,uniprotkb_P14335-PRO_0000037710
31,uniprotkb_Q9UIK5,uniprotkb_P14335-PRO_0000037713
32,uniprotkb_Q9Y3T9,uniprotkb_P14335-PRO_0000037713
33,uniprotkb_Q96S94,uniprotkb_P14335-PRO_0000037713
34,uniprotkb_O94983,uniprotkb_P14335-PRO_0000037713
35,uniprotkb_Q9NVW2,uniprotkb_P14335-PRO_0000037713
36,uniprotkb_P02760,uniprotkb_P14335-PRO_0000037710
37,uniprotkb_Q99848,uniprotkb_P14335-PRO_0000037713
38,uniprotkb_P54259,uniprotkb_P14335-PRO_0000037713
39,uniprotkb_Q96MT8,uniprotkb_P14335-PRO_0000037710
40,uniprotkb_Q6ZTR7,uniprotkb_P14335-PRO_0000037713
41,uniprotkb_Q9Y6X2,uniprotkb_P14335-PRO_0000037713
42,uniprotkb_O94842,uniprotkb_P14335-PRO_0000037710
43,uniprotkb_P14335-PRO_0000037710,uniprotkb_Q9BUZ4
44,uniprotkb_Q7Z5R6,uniprotkb_P14335-PRO_0000037710
45,uniprotkb_Q8WXU2,uniprotkb_P14335-PRO_0000037710
46,uniprotkb_P14335-PRO_0000037710,uniprotkb_Q5JU67
47,uniprotkb_Q5VV67,uniprotkb_P14335-PRO_0000037713
48,uniprotkb_Q9BZR8,uniprotkb_P14335-PRO_0000037710
49,uniprotkb_Q13232,uniprotkb_P14335-PRO_0000037710
50,uniprotkb_Q6NSJ2,uniprotkb_P14335-PRO_0000037710
51,uniprotkb_Q9H6S1,uniprotkb_P14335-PRO_0000037710
52,uniprotkb_Q9NPJ6,uniprotkb_P14335-PRO_0000037713
53,uniprotkb_P30622,uniprotkb_P14335-PRO_0000037713
54,uniprotkb_Q03112,uniprotkb_P14335-PRO_0000037713
55,uniprotkb_P06733,uniprotkb_P14335-PRO_0000037710
56,uniprotkb_Q9UNM6,uniprotkb_P14335-PRO_0000037710
57,uniprotkb_Q9UJY5,uniprotkb_P14335-PRO_0000037710
58,uniprotkb_P11940,uniprotkb_P14335-PRO_0000037710
59,uniprotkb_P08238,uniprotkb_P14335-PRO_0000037710
60,uniprotkb_P25963,uniprotkb_P14335-PRO_0000037710
61,uniprotkb_O14641,uniprotkb_P14335-PRO_0000037713
62,uniprotkb_Q96CV9,uniprotkb_P14335-PRO_0000037710
63,uniprotkb_O92835,uniprotkb_Q8WXG1
64,uniprotkb_O92835,uniprotkb_Q8WXG1
65,uniprotkb_Q8WXG1,ddbj/embl/genbank_AF038403.1
66,uniprotkb_Q8WXG1,ddbj/embl/genbank_AF038403.1
67,uniprotkb_Q8WXG1,uniprotkb_O92835
68,uniprotkb_Q8WXG1,uniprotkb_O92835
69,uniprotkb_Q8WXG1,uniprotkb_O92835
70,uniprotkb_Q8WXG1,uniprotkb_O92835
71,uniprotkb_Q8WXG1,uniprotkb_O92835
72,uniprotkb_Q8WXG1,uniprotkb_O92835
73,uniprotkb_B2R5U7,uniprotkb_A0A142I5B9
74,uniprotkb_B1AH87,uniprotkb_A0A142I5B9
75,uniprotkb_A0A024B7W1-PRO_0000443024,uniprotkb_A0A024B7W1-PRO_0000443023
76,uniprotkb_B3KY51,uniprotkb_A0A142I5B9
77,uniprotkb_B3KY51,uniprotkb_A0A142I5B9
78,uniprotkb_O14925,uniprotkb_A0A142I5B9
79,uniprotkb_O60613,uniprotkb_A0A142I5B9
80,uniprotkb_Q8N111,uniprotkb_A0A142I5B9
81,uniprotkb_O14681,uniprotkb_A0A142I5B9
82,uniprotkb_A0A142I5B9,uniprotkb_Q8NEJ9
83,uniprotkb_A0A142I5B9,uniprotkb_Q8N111
84,uniprotkb_A0A142I5B9,uniprotkb_Q5BJD5
85,uniprotkb_A0A142I5B9,uniprotkb_Q9NWW5
86,uniprotkb_A0A142I5B9,uniprotkb_Q9NWW5
87,uniprotkb_A0A142I5B9,uniprotkb_Q9NX58
88,uniprotkb_A0A142I5B9,uniprotkb_O43251-6
89,uniprotkb_A0A142I5B9,uniprotkb_Q9BSJ8
90,uniprotkb_A0A142I5B9,uniprotkb_O00767
91,uniprotkb_A0A142I5B9,uniprotkb_Q4G0J3
92,uniprotkb_Q96CW1,uniprotkb_Q32ZE1-PRO_0000435838
93,uniprotkb_A0A142I5B9,uniprotkb_Q6NT76
94,uniprotkb_A0A142I5B9,uniprotkb_Q16637
95,uniprotkb_A0A142I5B9,uniprotkb_Q99653
96,uniprotkb_A0A024B7W1,uniprotkb_A0A0B4L3F2
97,uniprotkb_P63104,uniprotkb_P56524
98,uniprotkb_P29990,uniprotkb_P29990
99,uniprotkb_Q6FHW4,uniprotkb_P29991-PRO_0000037940
100,uniprotkb_O95154,uniprotkb_P29991-PRO_0000037941
101,uniprotkb_Q8IVP5,uniprotkb_P29991-PRO_0000308280
102,uniprotkb_Q9ULJ7,uniprotkb_P29991-PRO_0000037946
103,uniprotkb_Q9ULJ7,uniprotkb_P29991-PRO_0000037946
104,uniprotkb_P29991-PRO_0000308465,uniprotkb_A6NCC3
105,uniprotkb_O43251-6,uniprotkb_P29990-PRO_0000037934
106,uniprotkb_Q8IUD2-2,uniprotkb_P29991-PRO_0000037946
107,uniprotkb_Q8IUD2-2,uniprotkb_P29991-PRO_0000037946
108,uniprotkb_Q8IVP5,intact_EBI-8827560
109,uniprotkb_A6NCC3,uniprotkb_P29991-PRO_0000308465
110,uniprotkb_A6NCC3,uniprotkb_P29991-PRO_0000308465
111,uniprotkb_P29991-PRO_0000308465,uniprotkb_Q9ULJ7
112,uniprotkb_P29991-PRO_0000308465,uniprotkb_Q9ULJ7
113,uniprotkb_P29991-PRO_0000308465,uniprotkb_Q9ULJ7
114,uniprotkb_P29991-PRO_0000308465,uniprotkb_Q9ULJ7
115,uniprotkb_A6NI86,uniprotkb_P29991-PRO_0000037946
116,uniprotkb_Q9NY25,refseq_NP_739583
117,uniprotkb_Q8NEF9,uniprotkb_P29991-PRO_0000037940
118,uniprotkb_O11875,uniprotkb_A0A0B4L3F2
119,uniprotkb_P29991-PRO_0000037946,uniprotkb_P0C7X2
120,uniprotkb_Q6FHW4,uniprotkb_P29991-PRO_0000308465
121,uniprotkb_P29991-PRO_0000037946,uniprotkb_A6NCC3
122,uniprotkb_P29991-PRO_0000037946,uniprotkb_A6NI86
123,uniprotkb_P17763-PRO_0000264658,uniprotkb_Q9BRP8
124,uniprotkb_P29991-PRO_0000308465,uniprotkb_Q6FHW4
125,uniprotkb_Q9BWH2,intact_EBI-8827560
126,uniprotkb_A2RUB6,uniprotkb_P29991-PRO_0000037941
127,uniprotkb_P29991-PRO_0000037946,uniprotkb_Q9H074
128,uniprotkb_Q99614,uniprotkb_P29991-PRO_0000037946
129,uniprotkb_Q53SF7,uniprotkb_P29991-PRO_0000037946
130,uniprotkb_Q8IWT0,uniprotkb_P29991-PRO_0000308465
131,uniprotkb_P29991-PRO_0000037941,uniprotkb_O14972
132,uniprotkb_P29991-PRO_0000037946,uniprotkb_O00584
133,uniprotkb_P50395,uniprotkb_P14340-PRO_0000037966
134,uniprotkb_P29991-PRO_0000308465,uniprotkb_A8MPP1
135,uniprotkb_P29991-PRO_0000308465,uniprotkb_A8MPP1
136,uniprotkb_P29991-PRO_0000308465,uniprotkb_Q8IWT0
137,uniprotkb_A8MPP1,uniprotkb_P29991-PRO_0000308465
138,uniprotkb_Q9H074,uniprotkb_P29991-PRO_0000037940
139,uniprotkb_Q8NEF9,uniprotkb_P29991-PRO_0000308465
140,uniprotkb_Q9GZR7,intact_EBI-8827560
141,uniprotkb_P29991-PRO_0000037941,uniprotkb_Q14692
142,uniprotkb_Q969X0,uniprotkb_P29991-PRO_0000037946
143,uniprotkb_Q92564,uniprotkb_P29991-PRO_0000037946
144,uniprotkb_Q92564,uniprotkb_P29991-PRO_0000037946
145,uniprotkb_Q92564,uniprotkb_P29991-PRO_0000037946
146,uniprotkb_Q9H6D7,uniprotkb_P29991-PRO_0000037944
147,uniprotkb_Q9BVG3,uniprotkb_P29991-PRO_0000037946
148,uniprotkb_Q99715,uniprotkb_P29991-PRO_0000037946
149,uniprotkb_P29991-PRO_0000037944,uniprotkb_Q86VP1
150,uniprotkb_Q96NL6,uniprotkb_P29991-PRO_0000037941
151,uniprotkb_P29991-PRO_0000308280,uniprotkb_Q9BWH2
152,uniprotkb_P29991-PRO_0000037946,uniprotkb_P14543
153,uniprotkb_Q0VF96,uniprotkb_P29991-PRO_0000037946
154,uniprotkb_P14340-PRO_0000037965,uniprotkb_Q15653
155,uniprotkb_P14340-PRO_0000037965,uniprotkb_Q15653
156,uniprotkb_P29991-PRO_0000037941,uniprotkb_P02774
157,uniprotkb_P29991-PRO_0000037941,uniprotkb_Q9P219
158,uniprotkb_O00505,uniprotkb_P29991-PRO_0000037946
159,uniprotkb_P68543,uniprotkb_P29991-PRO_0000037946
160,uniprotkb_Q14789,uniprotkb_P29991-PRO_0000308465
161,uniprotkb_Q9UJC3,uniprotkb_P29991-PRO_0000037946
162,uniprotkb_Q9BZF9,uniprotkb_P29991-PRO_0000308465
163,uniprotkb_P29991-PRO_0000037946,uniprotkb_Q14999
164,uniprotkb_O95232,uniprotkb_P29991-PRO_0000037946
165,uniprotkb_Q05519,uniprotkb_P29991-PRO_0000037946
166,uniprotkb_P29991-PRO_0000037946,uniprotkb_P43243
167,uniprotkb_P29991-PRO_0000308465,uniprotkb_P05546
168,uniprotkb_P29991-PRO_0000037946,uniprotkb_Q969X0
169,uniprotkb_P29991-PRO_0000308465,uniprotkb_Q15643
170,uniprotkb_P29991-PRO_0000308465,uniprotkb_Q15643
171,uniprotkb_O95613,uniprotkb_P29991-PRO_0000037946
172,uniprotkb_P29991-PRO_0000037946,uniprotkb_Q9Y6B2
173,uniprotkb_P52630,uniprotkb_P29991-PRO_0000037946
174,uniprotkb_Q9P219,uniprotkb_P29991-PRO_0000037946
175,uniprotkb_Q05519,uniprotkb_P29991-PRO_0000037941
176,uniprotkb_P29991-PRO_0000037946,uniprotkb_P05546
177,uniprotkb_P29991-PRO_0000037946,uniprotkb_Q66GS9
178,uniprotkb_Q9Y6B2,uniprotkb_P29991-PRO_0000037946
179,uniprotkb_P29991-PRO_0000037946,uniprotkb_Q9P219
180,uniprotkb_P29991-PRO_0000037941,uniprotkb_Q9UQ90
181,uniprotkb_P29991-PRO_0000037940,uniprotkb_P05546
182,uniprotkb_Q5JTC6,uniprotkb_P29991-PRO_0000037940
183,uniprotkb_P29991-PRO_0000308465,uniprotkb_P78344
184,uniprotkb_P29991-PRO_0000308465,uniprotkb_P78344
185,uniprotkb_P29991-PRO_0000308465,uniprotkb_P78344
186,uniprotkb_P29991-PRO_0000308465,uniprotkb_Q13561
187,uniprotkb_P29991-PRO_0000308465,uniprotkb_Q13561
188,uniprotkb_P29991-PRO_0000037943,uniprotkb_Q8IX03
189,uniprotkb_Q15154,uniprotkb_P29991-PRO_0000308465
190,uniprotkb_Q9ULX6,uniprotkb_P29991-PRO_0000308465
191,uniprotkb_Q8IX03,uniprotkb_P29991-PRO_0000037940
192,uniprotkb_P29991-PRO_0000308465,uniprotkb_O75592
193,uniprotkb_P29991-PRO_0000308465,uniprotkb_O60333
194,uniprotkb_P29991-PRO_0000037946,uniprotkb_P61201
195,uniprotkb_P29991-PRO_0000037946,uniprotkb_P61201
196,uniprotkb_P29991-PRO_0000037946,uniprotkb_Q8NEZ2
197,uniprotkb_P29991-PRO_0000037945,uniprotkb_P05787
198,uniprotkb_P78344,uniprotkb_P29991-PRO_0000037940
199,uniprotkb_O15117,uniprotkb_P29991-PRO_0000037946
200,uniprotkb_P29991-PRO_0000037946,uniprotkb_Q8N302
201,uniprotkb_P29991-PRO_0000037941,uniprotkb_O60333
202,uniprotkb_P61201,uniprotkb_P29991-PRO_0000037946
203,uniprotkb_Q92667,uniprotkb_P29991-PRO_0000037941
204,uniprotkb_Q86SQ7,uniprotkb_P29991-PRO_0000037946
205,uniprotkb_P29991-PRO_0000037940,uniprotkb_P78344
206,uniprotkb_P29991-PRO_0000037946,uniprotkb_Q15643
207,uniprotkb_P61201,uniprotkb_P29991-PRO_0000037941
208,uniprotkb_Q5JTC6,uniprotkb_P29991-PRO_0000037941
209,refseq_NP_739583,uniprotkb_Q9NNX6
210,uniprotkb_Q9NX95,uniprotkb_P29991-PRO_0000037941
211,uniprotkb_P78344,uniprotkb_P29991-PRO_0000308465
212,uniprotkb_P26599,uniprotkb_P29991-PRO_0000037940
213,uniprotkb_P26599,uniprotkb_P29991-PRO_0000037940
214,uniprotkb_P26599,uniprotkb_P29991-PRO_0000037940
215,uniprotkb_P26599,uniprotkb_P29991-PRO_0000037940
216,uniprotkb_Q08379,uniprotkb_P29991-PRO_0000037946
217,uniprotkb_Q08379,uniprotkb_P29991-PRO_0000037946
218,uniprotkb_P29991-PRO_0000037946,uniprotkb_Q13625
219,uniprotkb_Q9Y6C2,uniprotkb_P29991-PRO_0000308465
220,uniprotkb_Q9Y6C2,uniprotkb_P29991-PRO_0000308465
221,uniprotkb_P26599,uniprotkb_P29991-PRO_0000308465
222,uniprotkb_P26599,uniprotkb_P29991-PRO_0000308465
223,uniprotkb_P29991-PRO_0000037946,uniprotkb_O75521
224,uniprotkb_P29991-PRO_0000308465,uniprotkb_P26599
225,uniprotkb_O15020,uniprotkb_P29991-PRO_0000037940
226,uniprotkb_Q7Z406,uniprotkb_P29991-PRO_0000037941
227,uniprotkb_P29991-PRO_0000308465,uniprotkb_Q15154
228,uniprotkb_P29991-PRO_0000037946,uniprotkb_Q08379
229,uniprotkb_Q9P0K7,uniprotkb_P29991-PRO_0000308465
230,uniprotkb_P29991-PRO_0000037946,uniprotkb_Q5JTC6
231,uniprotkb_P29991-PRO_0000037940,uniprotkb_P26599
232,uniprotkb_P29991-PRO_0000308465,uniprotkb_Q9ULX6
233,uniprotkb_P29991-PRO_0000308465,uniprotkb_Q9ULX6
234,uniprotkb_P29991-PRO_0000308465,uniprotkb_Q9P0K7
235,uniprotkb_P00558,uniprotkb_P29991-PRO_0000037945
236,uniprotkb_P29991-PRO_0000037944,uniprotkb_Q13137
237,uniprotkb_P29991-PRO_0000037940,uniprotkb_P07942
238,uniprotkb_O75592,uniprotkb_P29991-PRO_0000308465
239,uniprotkb_Q86UP2,uniprotkb_P29991-PRO_0000308465
240,uniprotkb_P29991-PRO_0000037941,uniprotkb_O14763
241,uniprotkb_Q8NF91,uniprotkb_P29991-PRO_0000037946
242,uniprotkb_P29991-PRO_0000308465,uniprotkb_P30041
243,uniprotkb_P29991-PRO_0000308465,uniprotkb_P30041
244,uniprotkb_Q9UKX7,uniprotkb_P29991-PRO_0000037946
245,uniprotkb_Q9NYJ8,uniprotkb_P29991-PRO_0000037946
246,uniprotkb_P51648,uniprotkb_P29991-PRO_0000037946
247,uniprotkb_P29991-PRO_0000037941,uniprotkb_A5YKK6
248,uniprotkb_P29991-PRO_0000037941,uniprotkb_O94979
249,uniprotkb_Q9UHY1,uniprotkb_P14340
250,uniprotkb_Q9UHY1,uniprotkb_P14340
251,uniprotkb_Q9UHY1,uniprotkb_P14340
252,uniprotkb_Q9UHY1,uniprotkb_P14340
253,uniprotkb_O15020,uniprotkb_P29991-PRO_0000037946
254,uniprotkb_P29991-PRO_0000037940,uniprotkb_Q9NYJ8
255,uniprotkb_P29991-PRO_0000037946,uniprotkb_P01042
256,uniprotkb_P29991-PRO_0000037946,uniprotkb_O75925
257,uniprotkb_P29991-PRO_0000037946,uniprotkb_O75925
258,uniprotkb_Q8WXH0,uniprotkb_P29991-PRO_0000037941
259,uniprotkb_P55265,uniprotkb_P14340-PRO_0000037965
260,uniprotkb_P55265,uniprotkb_P14340-PRO_0000037965
261,uniprotkb_P29991-PRO_0000037946,uniprotkb_Q9UKX7
262,uniprotkb_P0C0L4,uniprotkb_P29991-PRO_0000037941
263,uniprotkb_O75925,uniprotkb_P29991-PRO_0000037946
264,uniprotkb_Q13813,uniprotkb_P29991-PRO_0000037946
265,uniprotkb_Q13813,uniprotkb_P29991-PRO_0000037946
266,uniprotkb_P30041,uniprotkb_P29991-PRO_0000308465
267,uniprotkb_P29991-PRO_0000037946,uniprotkb_O15020
268,uniprotkb_Q9NYJ8,uniprotkb_P29991-PRO_0000037940
269,uniprotkb_P29991-PRO_0000037944,uniprotkb_A5YKK6
270,uniprotkb_P08670,uniprotkb_P14340-PRO_0000037966
271,uniprotkb_P08670,uniprotkb_P14340-PRO_0000037966
272,uniprotkb_P08670,uniprotkb_P14340-PRO_0000037966
273,uniprotkb_P08670,uniprotkb_P14340-PRO_0000037966
274,uniprotkb_P17844,uniprotkb_P29991-PRO_0000037946
275,uniprotkb_P29991-PRO_0000037946,uniprotkb_P17844
276,uniprotkb_P14340-PRO_0000037966,uniprotkb_P08670
277,uniprotkb_P14340-PRO_0000037966,uniprotkb_P08670
278,uniprotkb_P14340-PRO_0000037966,uniprotkb_P08670
279,uniprotkb_P14340-PRO_0000037966,uniprotkb_P08670
280,uniprotkb_P14340-PRO_0000037966,uniprotkb_P08670
281,uniprotkb_P25963,uniprotkb_P14340-PRO_0000037965
282,uniprotkb_P25963,uniprotkb_P14340-PRO_0000037965
283,uniprotkb_P17844,uniprotkb_P29991-PRO_0000037941
284,uniprotkb_P29991-PRO_0000308465,uniprotkb_P17844
285,uniprotkb_P29991-PRO_0000037946,uniprotkb_P04040
286,uniprotkb_Q8WUM4,uniprotkb_P29991-PRO_0000308465
287,uniprotkb_Q8WUM4,uniprotkb_P29991-PRO_0000308465
288,uniprotkb_Q9E7P0,uniprotkb_Q8NB25
289,uniprotkb_Q9E7P0,uniprotkb_O14545
290,uniprotkb_P17844,uniprotkb_P29991-PRO_0000308465
291,uniprotkb_P17844,uniprotkb_P29991-PRO_0000308465
292,uniprotkb_P29991-PRO_0000308465,uniprotkb_Q8WUM4
293,uniprotkb_Q06033,uniprotkb_Q91NH1
294,uniprotkb_P49327,uniprotkb_P29991-PRO_0000308465
295,uniprotkb_Q6NSJ2,uniprotkb_Q9E7P0
296,uniprotkb_P29991-PRO_0000037941,uniprotkb_Q14203
297,uniprotkb_P29991-PRO_0000037941,uniprotkb_P04114
298,uniprotkb_Q9BV36,uniprotkb_Q91NH1
299,uniprotkb_Q9E7P0,uniprotkb_O94983
300,uniprotkb_Q7Z6G3,uniprotkb_Q9E7P0
301,uniprotkb_Q9E7P0,uniprotkb_Q9BZR8
302,uniprotkb_Q14980,uniprotkb_P29991-PRO_0000037946
303,uniprotkb_Q9E7P0,uniprotkb_Q96GD3
304,uniprotkb_Q9E7P0,uniprotkb_Q13232
305,uniprotkb_Q96EQ8,uniprotkb_Q91NH1
306,uniprotkb_P52630,uniprotkb_P29991
307,uniprotkb_Q16206,uniprotkb_Q9E7P0
308,uniprotkb_Q9E7P0,uniprotkb_Q9H6S1
309,uniprotkb_Q9E7P0,uniprotkb_Q9H6S1
310,uniprotkb_Q91NH1,uniprotkb_Q68CP9
311,uniprotkb_Q99996,uniprotkb_P29991-PRO_0000037946
312,uniprotkb_P43243,uniprotkb_Q91NH1
313,uniprotkb_P04114,uniprotkb_P29991-PRO_0000037946
314,uniprotkb_Q9E7P0,uniprotkb_Q96MT8
315,uniprotkb_P63267,uniprotkb_Q9E7P0
316,uniprotkb_P14340,uniprotkb_Q15653
317,uniprotkb_Q9E7P0,uniprotkb_P62736
318,uniprotkb_P29991-PRO_0000037946,uniprotkb_P04114
319,uniprotkb_P29991-PRO_0000037946,uniprotkb_P04114
320,uniprotkb_P13797,uniprotkb_Q9E7P0
321,uniprotkb_Q15653,uniprotkb_P14340
322,uniprotkb_P29991-PRO_0000037946,uniprotkb_Q99996
323,uniprotkb_P29991-PRO_0000037946,uniprotkb_P63279
324,uniprotkb_P29991-PRO_0000037946,uniprotkb_P63279
325,uniprotkb_Q9E7P0,uniprotkb_Q9BUZ4
326,uniprotkb_Q9E7P0,uniprotkb_Q9BUZ4
327,uniprotkb_P29991-PRO_0000037946,uniprotkb_O00571
328,uniprotkb_Q03001,uniprotkb_P29991-PRO_0000037946
329,uniprotkb_Q03001,uniprotkb_P29991-PRO_0000037946
330,uniprotkb_P27797,uniprotkb_P29991-PRO_0000037946
331,uniprotkb_P27797,uniprotkb_P29991-PRO_0000037946
332,uniprotkb_O75674,uniprotkb_Q91NH1
333,uniprotkb_P29991-PRO_0000037945,uniprotkb_P63279
334,uniprotkb_P29991-PRO_0000308465,uniprotkb_P02675
335,uniprotkb_Q99460,uniprotkb_P29991-PRO_0000037941
336,uniprotkb_P29991-PRO_0000037946,uniprotkb_Q03001
337,uniprotkb_P29991-PRO_0000037946,uniprotkb_Q03001
338,uniprotkb_O00571,uniprotkb_P29991-PRO_0000037946
339,uniprotkb_P63279,uniprotkb_P29991-PRO_0000037946
340,uniprotkb_O43255,uniprotkb_Q91NH1
341,uniprotkb_Q9BV73,uniprotkb_Q9E7P0
342,uniprotkb_Q9E7P0,uniprotkb_Q15025
343,uniprotkb_P29991-PRO_0000037946,uniprotkb_P02671
344,uniprotkb_O75569,uniprotkb_Q9E7P0
345,uniprotkb_Q9E7P0,uniprotkb_Q7Z5R6
346,uniprotkb_Q03001,uniprotkb_P29991-PRO_0000037941
347,uniprotkb_Q9E7P0,uniprotkb_Q12906
348,uniprotkb_Q92804,uniprotkb_Q91NH1
349,uniprotkb_Q9H270,uniprotkb_Q91NH1
350,uniprotkb_P29991-PRO_0000037940,uniprotkb_P02675
351,uniprotkb_P02671,uniprotkb_P29991-PRO_0000037941
352,uniprotkb_P29990,uniprotkb_P00974
353,uniprotkb_P29990,uniprotkb_P00974
354,uniprotkb_P29990,uniprotkb_P00974
355,uniprotkb_P29990,uniprotkb_P00974
356,uniprotkb_P14340,uniprotkb_P25963
357,uniprotkb_P35579,uniprotkb_Q91NH1
358,uniprotkb_O15169,uniprotkb_Q9E7P0
359,uniprotkb_P02545,uniprotkb_Q9E7P0
360,uniprotkb_P29991-PRO_0000037944,uniprotkb_P02751
361,uniprotkb_P35222,uniprotkb_P29991-PRO_0000037941
362,uniprotkb_Q9E7P0,uniprotkb_P60709
363,uniprotkb_P29991-PRO_0000037941,uniprotkb_P02647
364,uniprotkb_P29991-PRO_0000037946,uniprotkb_P02751
365,uniprotkb_O14744,uniprotkb_Q9E7P0
366,uniprotkb_Q9UJY5,uniprotkb_Q9E7P0
367,uniprotkb_P11940,uniprotkb_Q9E7P0
368,uniprotkb_P14340,uniprotkb_O88351
369,uniprotkb_P63261,uniprotkb_Q9E7P0
370,uniprotkb_P06733,uniprotkb_Q9E7P0
371,uniprotkb_Q9E7P0,uniprotkb_P25963
372,uniprotkb_Q9E7P0,uniprotkb_P25963
373,uniprotkb_P25963,uniprotkb_P14340
374,uniprotkb_P50570,uniprotkb_Q91NH1
375,uniprotkb_P35222,uniprotkb_P29991-PRO_0000037946
376,uniprotkb_Q7Z5R6,uniprotkb_Q8QXP6
377,uniprotkb_Q96CV9,uniprotkb_Q8QXP6
378,uniprotkb_O94983,uniprotkb_Q8QXP6
379,uniprotkb_Q13554,uniprotkb_Q8QXP6
380,uniprotkb_Q96MT8,uniprotkb_Q8QXP6
381,uniprotkb_P60866,uniprotkb_Q8QXP6
382,Q8QXP6,Q7Z5R6
383,Q8QXP6,Q13554
384,Q8QXP6,O94983
385,Q8QXP6,Q96MT8
386,Q8QXP6,Q96CV9
387,Q8QXP6,P60866
388,P14335,P02760
389,P14335,Q7Z5R6
390,P14335,P54259
391,P14335,Q9H6S1
392,P14335,Q9BZR8
393,P14335,O94983
394,P14335,Q96S94
395,P14335,Q96MT8
396,P14335,Q12873
397,P14335,P30622
398,P14335,O14641
399,P14335,Q8WXU2
400,P14335,Q99848
401,P14335,P63241
402,P14335,P06733
403,P14335,Q03112
404,P14335,Q6ZTR7
405,P14335,Q9UJY5
406,P14335,Q76N89
407,P14335,P08238
408,P14335,P08727
409,P14335,Q9NPJ6
410,P14335,P25963
411,P14335,Q13232
412,P14335,Q9Y3T9
413,P14335,Q96CV9
414,P14335,P11940
415,P14335,Q6NSJ2
416,P14335,Q9Y6X2
417,P14335,Q5VV67
418,P14335,Q9UNM6
419,P14335,Q9NVW2
420,P14335,Q9UIK5
421,P14335,O94842
422,Q5JU67,P14335
423,Q5M9Q1,P14335
424,Q9BUZ4,P14335
425,Q8JPQ9,P09012
426,Q8JPQ9,Q8WXF1
427,Q8JPQ9,P07437
428,Q8JPQ9,P49736
429,Q8JPQ9,P34932
430,Q8JPQ9,Q06830
431,Q8JPQ9,P24928
432,Q8JPQ9,P31943
433,Q8JPQ9,Q93008
434,Q8JPQ9,Q9BUF5
435,Q8JPQ9,P17987
436,Q8JPQ9,P32119
437,Q8JPQ9,Q92734
438,Q8JPQ9,Q9Y230
439,Q8JPQ9,Q96EY1
440,Q8JPQ9,Q9P1Q0
441,Q8JPQ9,P55795
442,Q8JPQ9,P14625
443,Q8JPQ9,O00232
444,Q8JPQ9,O94979
445,Q8JPQ9,P35579
446,Q8JPQ9,O60884
447,Q8JPQ9,Q9BUJ2
448,Q8JPQ9,Q9Y265
449,Q8JPQ9,P53992
450,Q8JPQ9,P49368
451,Q8JPQ9,P23246
452,Q8JPQ9,Q9UBS4
453,Q8JPQ9,O95831
454,Q8JPQ9,Q9BQE3
455,Q8JPQ9,O00165
456,Q8JPQ9,Q8N163
457,Q8JPQ9,Q13885
458,Q8JPQ9,O76031
459,Q8JPQ9,Q92841
460,Q8JPQ9,O75475
461,Q8JPQ9,Q05639
462,Q8JPQ9,A8MVJ9
463,Q8JPQ9,Q6Q759
464,Q8JPQ9,Q5VTE0
465,Q8JPQ9,P78347
466,Q8JPQ9,P43243
467,Q8JPQ9,Q3ZCQ8
468,Q8JPQ9,P48643
469,Q8JPQ9,P23526
470,Q8JPQ9,P53396
471,Q8JPQ9,P49327
472,Q8JPQ9,P08238
473,Q8JPQ9,P30876
474,Q8JPQ9,Q9NQI0
475,Q8JPQ9,P02042
476,Q8JPQ9,P35637
477,Q8JPQ9,Q6ZN28
478,Q8JPQ9,P50991
479,Q8JPQ9,P17844
480,Q8JPQ9,Q9P0W8
481,Q8JPQ9,O00571
482,Q8JPQ9,P53618
483,Q8JPQ9,Q13838
484,Q8JPQ9,Q13162
485,Q8JPQ9,Q56VL3
486,Q8JPQ9,P68104
487,Q8JPQ9,P62258
488,Q8JPQ9,Q6PI48
489,Q8JPQ9,P22061
490,Q8JPQ9,P08865
491,Q8JPQ9,Q96M02
492,Q8JPQ9,Q13263
493,Q8JPQ9,P52597
494,Q8JPQ9,P07900
495,Q8JPQ9,Q9UKM7
496,Q8JPQ9,P82979
497,Q8JPQ9,P68371
498,Q8JPQ9,Q7L1T6
499,Q8JPQ9,P31689
500,Q8JPQ9,Q8IW75
501,Q8JPQ9,Q71U36
502,Q8JPQ9,O75116
503,Q8JPQ9,P55072
504,Q8JPQ9,Q52LJ0
505,Q8JPQ9,P10809
506,Q8JPQ9,P33176
507,Q8JPQ9,O15523
508,P03316,P03316
509,P06935,Q17NZ6
510,P06935,Q16K62
511,Q5ERI7,Q9H6S1
512,Q8JU44,Q9BYC9
513,Q5ERI7,Q13232
514,Q9BRP8,P06935
515,O15078,Q8JU44
516,Q9BUZ4,Q5ERI7
517,P05106,P06935
518,Q32ZE1,Q96CW1
519,Q1H8W5,Q1H8W5
520,Q91NH1,P50570
521,Q91NH1,Q06033
522,Q91NH1,P43243
523,Q91NH1,Q9BV36
524,Q91NH1,P35579
525,Q91NH1,Q96EQ8
526,Q91NH1,O43255
527,Q91NH1,Q92804
528,Q91NH1,O75674
529,Q91NH1,Q9H270
530,Q68CP9,Q91NH1
531,Q9E7P0,P63261
532,Q9E7P0,P63267
533,Q9E7P0,O15169
534,Q9E7P0,Q9BV73
535,Q9E7P0,P06733
536,Q9E7P0,Q16206
537,Q9E7P0,Q9UJY5
538,Q9E7P0,P02545
539,Q9E7P0,Q7Z6G3
540,Q9E7P0,P11940
541,Q9E7P0,Q6NSJ2
542,Q9E7P0,P13797
543,Q9E7P0,O75569
544,Q9E7P0,O14744
545,A0A0B4L3F2,A0A024B7W1
546,A0A0B4L3F2,O11875
547,O92835,Q8WXG1
548,P62736,Q9E7P0
549,P60709,Q9E7P0
550,Q7Z5R6,Q9E7P0
551,Q9H6S1,Q9E7P0
552,Q9BZR8,Q9E7P0
553,O94983,Q9E7P0
554,Q96MT8,Q9E7P0
555,Q8NB25,Q9E7P0
556,Q12906,Q9E7P0
557,P25963,Q9E7P0
558,Q13232,Q9E7P0
559,Q96GD3,Q9E7P0
560,Q15025,Q9E7P0
561,Q9BUZ4,Q9E7P0
562,O14545,Q9E7P0
563,Q91CG6,P45521
564,uniprotkb:Q9E7P0,uniprotkb:P63261
565,uniprotkb:Q9E7P0,uniprotkb:P63267
566,uniprotkb:Q9E7P0,uniprotkb:O15169
567,uniprotkb:Q9E7P0,uniprotkb:Q9BV73
568,uniprotkb:Q91NH1,uniprotkb:P50570
569,uniprotkb:Q9E7P0,uniprotkb:P06733
570,uniprotkb:Q9E7P0,uniprotkb:Q16206
571,uniprotkb:Q9E7P0,uniprotkb:Q9UJY5
572,uniprotkb:Q91NH1,uniprotkb:Q06033
573,uniprotkb:Q9E7P0,uniprotkb:P02545
574,uniprotkb:Q91NH1,uniprotkb:P43243
575,uniprotkb:Q91NH1,uniprotkb:Q9BV36
576,uniprotkb:Q91NH1,uniprotkb:P35579
577,uniprotkb:Q9E7P0,uniprotkb:Q7Z6G3
578,uniprotkb:Q9E7P0,uniprotkb:P11940
579,uniprotkb:Q9E7P0,uniprotkb:Q6NSJ2
580,uniprotkb:Q9E7P0,uniprotkb:O75569
581,uniprotkb:Q9E7P0,uniprotkb:O14744
582,uniprotkb:Q9E7P0,uniprotkb:P13797
583,uniprotkb:Q91NH1,uniprotkb:Q96EQ8
584,uniprotkb:Q91NH1,uniprotkb:O43255
585,uniprotkb:Q91NH1,uniprotkb:Q92804
586,uniprotkb:Q91NH1,uniprotkb:O75674
587,uniprotkb:Q91NH1,uniprotkb:Q9H270
588,uniprotkb:Q9BUZ4,uniprotkb:Q9E7P0
589,uniprotkb:Q9BUZ4,uniprotkb:Q9E7P0
590,uniprotkb:Q9H6S1,uniprotkb:Q9E7P0
591,uniprotkb:Q9H6S1,uniprotkb:Q9E7P0
592,uniprotkb:P25963,uniprotkb:Q9E7P0
593,uniprotkb:P25963,uniprotkb:Q9E7P0
594,uniprotkb:P62736,uniprotkb:Q9E7P0
595,uniprotkb:P60709,uniprotkb:Q9E7P0
596,uniprotkb:Q7Z5R6,uniprotkb:Q9E7P0
597,uniprotkb:Q68CP9,uniprotkb:Q91NH1
598,uniprotkb:Q9BZR8,uniprotkb:Q9E7P0
599,uniprotkb:O94983,uniprotkb:Q9E7P0
600,uniprotkb:Q96MT8,uniprotkb:Q9E7P0
601,uniprotkb:Q8NB25,uniprotkb:Q9E7P0
602,uniprotkb:Q12906,uniprotkb:Q9E7P0
603,uniprotkb:Q13232,uniprotkb:Q9E7P0
604,uniprotkb:Q96GD3,uniprotkb:Q9E7P0
605,uniprotkb:Q15025,uniprotkb:Q9E7P0
606,uniprotkb:O14545,uniprotkb:Q9E7P0
607,uniprotkb:Q5ERI7,uniprotkb:Q9H6S1
608,uniprotkb:Q8JU44,uniprotkb:Q9BYC9
609,uniprotkb:Q5ERI7,uniprotkb:Q13232
610,uniprotkb:O15078,uniprotkb:Q8JU44
611,uniprotkb:Q9BUZ4,uniprotkb:Q5ERI7
612,uniprotkb:Q8QXP6,uniprotkb:Q7Z5R6
613,uniprotkb:Q8QXP6,uniprotkb:O94983
614,uniprotkb:Q8QXP6,uniprotkb:Q13554
615,uniprotkb:Q8QXP6,uniprotkb:Q96MT8
616,uniprotkb:Q8QXP6,uniprotkb:Q96CV9
617,uniprotkb:Q8QXP6,uniprotkb:P60866
618,uniprotkb:P14335-PRO_0000037710,uniprotkb:P02760
619,uniprotkb:P14335-PRO_0000037710,uniprotkb:Q7Z5R6
620,uniprotkb:P14335-PRO_0000037710,uniprotkb:Q9H6S1
621,uniprotkb:P14335-PRO_0000037713,uniprotkb:P54259
622,uniprotkb:P14335-PRO_0000037710,uniprotkb:Q9BZR8
623,uniprotkb:P14335-PRO_0000037713,uniprotkb:O94983
624,uniprotkb:P14335-PRO_0000037713,uniprotkb:Q96S94
625,uniprotkb:P14335-PRO_0000037713,uniprotkb:P30622
626,uniprotkb:P14335-PRO_0000037713,uniprotkb:Q12873
627,uniprotkb:P14335-PRO_0000037710,uniprotkb:Q96MT8
628,uniprotkb:P14335-PRO_0000037710,uniprotkb:Q8WXU2
629,uniprotkb:P14335-PRO_0000037713,uniprotkb:O14641
630,uniprotkb:P14335-PRO_0000037710,uniprotkb:P06733
631,uniprotkb:P14335-PRO_0000037710,uniprotkb:P63241
632,uniprotkb:P14335-PRO_0000037713,uniprotkb:Q99848
633,uniprotkb:P14335-PRO_0000037713,uniprotkb:Q03112
634,uniprotkb:P14335-PRO_0000037710,uniprotkb:Q9UJY5
635,uniprotkb:P14335-PRO_0000037713,uniprotkb:Q6ZTR7
636,uniprotkb:P14335-PRO_0000037713,uniprotkb:Q76N89
637,uniprotkb:P14335-PRO_0000037710,uniprotkb:P08238
638,uniprotkb:P14335-PRO_0000037710,uniprotkb:P08727
639,uniprotkb:P14335-PRO_0000037713,uniprotkb:Q9NPJ6
640,uniprotkb:P14335-PRO_0000037710,uniprotkb:P25963
641,uniprotkb:P14335-PRO_0000037710,uniprotkb:Q13232
642,uniprotkb:P14335-PRO_0000037710,uniprotkb:P11940
643,uniprotkb:P14335-PRO_0000037710,uniprotkb:Q96CV9
644,uniprotkb:P14335-PRO_0000037713,uniprotkb:Q9Y3T9
645,uniprotkb:P14335-PRO_0000037713,uniprotkb:Q9Y6X2
646,uniprotkb:P14335-PRO_0000037710,uniprotkb:Q6NSJ2
647,uniprotkb:P14335-PRO_0000037713,uniprotkb:Q5VV67
648,uniprotkb:P14335-PRO_0000037713,uniprotkb:Q9NVW2
649,uniprotkb:P14335-PRO_0000037710,uniprotkb:Q9UNM6
650,uniprotkb:P14335-PRO_0000037713,uniprotkb:Q9UIK5
651,uniprotkb:P14335-PRO_0000037710,uniprotkb:O94842
652,uniprotkb:Q5JU67,uniprotkb:P14335-PRO_0000037710
653,uniprotkb:Q5M9Q1,uniprotkb:P14335-PRO_0000037713
654,uniprotkb:Q9BUZ4,uniprotkb:P14335-PRO_0000037710
655,Dengue Type 1 C,AAEL000752
656,Dengue Type 1 C,AAEL000951
657,Dengue Type 1 C,AAEL001892
658,Dengue Type 1 C,AAEL002828
659,Dengue Type 1 C,AAEL003415
660,Dengue Type 1 C,AAEL003739
661,Dengue Type 1 C,AAEL004484
662,Dengue Type 1 C,AAEL005656
663,Dengue Type 1 C,AAEL008052
664,Dengue Type 1 C,AAEL009101
665,Dengue Type 1 C,AAEL009948
666,Dengue Type 1 C,AAEL010266
667,Dengue Type 1 C,AAEL011129
668,Dengue Type 1 C,AAEL013086
669,Dengue Type 1 C,AAEL014012
670,Dengue Type 1 C,AAEL014104
671,Dengue Type 1 E,AAEL000950
672,Dengue Type 1 E,AAEL003415
673,Dengue Type 1 E,AAEL003929
674,Dengue Type 1 E,AAEL005524
675,Dengue Type 1 E,AAEL007850
676,Dengue Type 1 E,AAEL007980
677,Dengue Type 1 E,AAEL008700
678,Dengue Type 1 E,AAEL011985
679,Dengue Type 1 E,AAEL014012
680,Dengue Type 1 E,AAEL014104
681,Dengue Type 2 C,AAEL000950
682,Dengue Type 2 C,AAEL002572
683,Dengue Type 2 C,AAEL003929
684,Dengue Type 2 C,AAEL006572
685,Dengue Type 2 E,AAEL003676
686,Dengue Type 2 E,AAEL004855
687,Dengue Type 2 E,AAEL005656
688,Dengue Type 2 E,AAEL005790
689,Dengue Type 2 E,AAEL010360
690,Dengue Type 2 E,AAEL011960
691,Dengue Type 2 NS4B,AAEL003064
692,Dengue Type 2 E,AAEL001863
693,Dengue Type 2 E,AAEL003530
694,Dengue Type 2 E,AAEL005374
695,Dengue Type 2 E,AAEL007818
696,Dengue Type 2 E,AAEL008599
697,Dengue Type 2 E,AAEL009151
698,Dengue Type 2 E,AAEL010974
699,Dengue Type 2 NS1,AAEL000393
700,Dengue Type 2 NS1,AAEL001872
701,Dengue Type 2 NS1,AAEL002827
702,Dengue Type 2 NS1,AAEL003393
703,Dengue Type 2 NS1,AAEL003582
704,Dengue Type 2 NS1,AAEL004493
705,Dengue Type 2 NS1,AAEL004869
706,Dengue Type 2 NS1,AAEL005732
707,Dengue Type 2 NS1,AAEL007683
708,Dengue Type 2 NS1,AAEL007948
709,Dengue Type 2 NS1,AAEL008169
710,Dengue Type 2 NS1,AAEL008481
711,Dengue Type 2 NS1,AAEL012713
712,Dengue Type 2 NS1,AAEL012947
713,Dengue Type 2 NS1,AAEL015740
714,Dengue Type 2 NS1,AAEL015803
715,Dengue Type 2 PrM/M,AAEL000511
716,Dengue Type 2 PrM/M,AAEL000987
717,Dengue Type 2 PrM/M,AAEL004493
718,Dengue Type 2 PrM/M,AAEL005097
719,Dengue Type 2 PrM/M,AAEL005374
720,Dengue Type 2 PrM/M,AAEL005508
721,Dengue Type 2 PrM/M,AAEL005981
722,Dengue Type 2 PrM/M,AAEL006447
723,Dengue Type 2 PrM/M,AAEL007649
724,Dengue Type 2 PrM/M,AAEL007696
725,Dengue Type 2 PrM/M,AAEL007818
726,Dengue Type 2 PrM/M,AAEL007974
727,Dengue Type 2 PrM/M,AAEL008599
728,Dengue Type 2 PrM/M,AAEL009588
729,Dengue Type 2 PrM/M,AAEL009888
730,Dengue Type 2 PrM/M,AAEL011282
731,Dengue Type 2 PrM/M,AAEL012781
732,Dengue Type 2 PrM/M,AAEL015740
733,Dengue Type 3 C,AAEL002508
734,Dengue Type 3 C,AAEL004100
735,Dengue Type 3 C,AAEL004869
736,Dengue Type 4 C,AAEL000136
737,Dengue Type 4 E,AAEL001553
738,"Dengue Types 1,2 C",AAEL002565
739,"Dengue Types 1,2 C",AAEL005165
740,"Dengue Types 1,2 C",AAEL007850
741,"Dengue Types 1,2 C",AAEL008700
742,"Dengue Types 1,2 C",AAEL012686
743,"Dengue Types 1,2 E",AAEL004316
744,"Dengue Types 1,2 E",AAEL006572
745,"Dengue Types 1,2 E",AAEL009357
746,"Dengue Types 1,2 E",AAEL010266
747,"Dengue Types 1,2 E",AAEL012527
748,"Dengue Types 1,2 E",AAEL012827
749,"Dengue Types 1,2 E",AAEL013583
750,"Dengue Types 1,2 NS3",AAEL000950
751,"Dengue Types 1,2 NS3",AAEL002572
752,"Dengue Types 1,2 NS5",AAEL000436
753,"Dengue Types 1,2 NS5",AAEL000951
754,"Dengue Types 1,2 NS5",AAEL005037
755,"Dengue Types 1,2 NS5",AAEL005524
756,"Dengue Types 1,2 NS5",AAEL008700
757,"Dengue Types 1,2 NS5",AAEL010005
758,"Dengue Types 1,2 NS5",AAEL010012
759,"Dengue Types 1,2 NS5",AAEL011988
760,"Dengue Types 1,2 PrM/M",AAEL007406
761,"Dengue Types 1,2,3 C",AAEL000292
762,"Dengue Types 1,2,3 C",AAEL003676
763,"Dengue Types 1,2,3 C",AAEL004316
764,"Dengue Types 1,2,3 NS3",AAEL005165
765,"Dengue Types 1,2,3 NS3",AAEL010821
766,"Dengue Types 1,2,3 NS3",AAEL013933
767,"Dengue Types 1,2,3 NS4A",AAEL012686
768,"Dengue Types 1,2,3 NS5",AAEL002828
769,"Dengue Types 1,2,3 NS5",AAEL003104
770,"Dengue Types 1,2,3 NS5",AAEL003415
771,"Dengue Types 1,2,3 NS5",AAEL003929
772,"Dengue Types 1,2,3 NS5",AAEL004500
773,"Dengue Types 1,2,3 NS5",AAEL004783
774,"Dengue Types 1,2,3 NS5",AAEL005165
775,"Dengue Types 1,2,3 NS5",AAEL005656
776,"Dengue Types 1,2,3 NS5",AAEL005733
777,"Dengue Types 1,2,3 NS5",AAEL006577
778,"Dengue Types 1,2,3 NS5",AAEL007980
779,"Dengue Types 1,2,3 NS5",AAEL009182
780,"Dengue Types 1,2,3 NS5",AAEL009357
781,"Dengue Types 1,2,3 NS5",AAEL010360
782,"Dengue Types 1,2,3 NS5",AAEL010507
783,"Dengue Types 1,2,3 NS5",AAEL010784
784,"Dengue Types 1,2,3 NS5",AAEL010821
785,"Dengue Types 1,2,3 NS5",AAEL012827
786,"Dengue Types 1,2,3 NS5",AAEL013086
787,"Dengue Types 1,2,3,4 C",AAEL004855
788,"Dengue Types 1,2,3,4 C",AAEL007980
789,"Dengue Types 1,2,3,4 C",AAEL000005
790,"Dengue Types 1,2,3,4 C",AAEL001984
791,"Dengue Types 1,2,3,4 C",AAEL002057
792,"Dengue Types 1,2,3,4 C",AAEL003750
793,"Dengue Types 1,2,3,4 C",AAEL008852
794,"Dengue Types 1,2,3,4 C",AAEL009285
795,"Dengue Types 1,2,3,4 C",AAEL011960
796,"Dengue Types 1,2,3,4 C",AAEL011985
797,"Dengue Types 1,2,3,4 C",AAEL013075
798,"Dengue Types 1,2,3,4 C",AAEL013583
799,"Dengue Types 1,2,3,4 NS3",AAEL000136
800,"Dengue Types 1,2,3,4 NS3",AAEL001553
801,"Dengue Types 1,2,3,4 NS3",AAEL001892
802,"Dengue Types 1,2,3,4 NS3",AAEL002508
803,"Dengue Types 1,2,3,4 NS3",AAEL003345
804,"Dengue Types 1,2,3,4 NS3",AAEL003815
805,"Dengue Types 1,2,3,4 NS3",AAEL004100
806,"Dengue Types 1,2,3,4 NS3",AAEL004484
807,"Dengue Types 1,2,3,4 NS3",AAEL005567
808,"Dengue Types 1,2,3,4 NS3",AAEL007201
809,"Dengue Types 1,2,3,4 NS3",AAEL008052
810,"Dengue Types 1,2,3,4 NS3",AAEL008746
811,"Dengue Types 1,2,3,4 NS3",AAEL009101
812,"Dengue Types 1,2,3,4 NS3",AAEL009766
813,"Dengue Types 1,2,3,4 NS3",AAEL009948
814,"Dengue Types 1,2,3,4 NS3",AAEL010585
815,"Dengue Types 1,2,3,4 NS3",AAEL011129
816,"Dengue Types 1,2,3,4 NS3",AAEL011137
817,"Dengue Types 1,2,3,4 NS3",AAEL011708
818,"Dengue Types 1,2,3,4 NS3",AAEL011742
819,"Dengue Types 1,2,3,4 NS3",AAEL012556
820,"Dengue Types 1,2,3,4 NS3",AAEL012827
821,"Dengue Types 1,2,3,4 NS3",AAEL014396
822,"Dengue Types 1,2,3,4 NS3",AAEL014843
823,"Dengue Types 1,2,3,4 NS3",AAEL014843
824,"Dengue Types 1,2,3,4 NS3",AAEL014845
825,"Dengue Types 1,2,3,4 NS5",AAEL003739
826,"Dengue Types 1,2,3,4 NS5",AAEL003973
827,"Dengue Types 1,2,3,4 NS5",AAEL004100
828,"Dengue Types 1,2,3,4 NS5",AAEL004316
829,"Dengue Types 1,2,3,4 NS5",AAEL005790
830,"Dengue Types 1,2,3,4 NS5",AAEL006572
831,"Dengue Types 1,2,3,4 NS5",AAEL009460
832,"Dengue Types 1,2,3,4 NS5",AAEL009484
833,"Dengue Types 1,2,3,4 NS5",AAEL010066
834,"Dengue Types 1,2,3,4 NS5",AAEL010975
835,"Dengue Types 1,2,3,4 NS5",AAEL012095
836,"Dengue Types 1,2,3,4 NS5",AAEL012237
837,"Dengue Types 1,2,3,4 NS5",AAEL012348
838,"Dengue Types 1,2,3,4 NS5",AAEL012680
839,"Dengue Types 1,2,3,4 NS5",AAEL014396
840,"Dengue Types 1,2,3,4 PrM/M",AAEL010266
841,"Dengue Types 1,2,4 C",AAEL003815
842,"Dengue Types 1,2,4 C",AAEL005790
843,"Dengue Types 1,2,4 E",AAEL000005
844,"Dengue Types 1,2,4 E",AAEL001984
845,"Dengue Types 1,2,4 E",AAEL002057
846,"Dengue Types 1,2,4 E",AAEL002508
847,"Dengue Types 1,2,4 E",AAEL003815
848,"Dengue Types 1,2,4 E",AAEL004100
849,"Dengue Types 1,2,4 E",AAEL004484
850,"Dengue Types 1,2,4 E",AAEL004869
851,"Dengue Types 1,2,4 E",AAEL005567
852,"Dengue Types 1,2,4 E",AAEL009182
853,"Dengue Types 1,2,4 E",AAEL009285
854,"Dengue Types 1,2,4 E",AAEL009948
855,"Dengue Types 1,2,4 E",AAEL010585
856,"Dengue Types 1,2,4 E",AAEL010782
857,"Dengue Types 1,2,4 E",AAEL010784
858,"Dengue Types 1,2,4 E",AAEL010821
859,"Dengue Types 1,2,4 E",AAEL011137
860,"Dengue Types 1,2,4 E",AAEL011708
861,"Dengue Types 1,2,4 E",AAEL012095
862,"Dengue Types 1,2,4 E",AAEL012680
863,"Dengue Types 1,2,4 E",AAEL012686
864,"Dengue Types 1,2,4 E",AAEL013075
865,"Dengue Types 1,2,4 NS3",AAEL007850
866,"Dengue Types 1,2,4 NS5",AAEL000752
867,"Dengue Types 1,2,4 NS5",AAEL014012
868,"Dengue Types 1,2,4 NS5",AAEL014104
869,"Dengue Types 1,3 C",AAEL005567
870,"Dengue Types 1,3 NS5",AAEL009614
871,"Dengue Types 1,4 C",AAEL012527
872,"Dengue Types 1,4 E",AAEL001892
873,"Dengue Types 1,4 E",AAEL002565
874,"Dengue Types 1,4 E",AAEL003345
875,"Dengue Types 1,4 E",AAEL005165
876,"Dengue Types 1,4 E",AAEL007201
877,"Dengue Types 1,4 E",AAEL008052
878,"Dengue Types 1,4 E",AAEL008746
879,"Dengue Types 1,4 E",AAEL009101
880,"Dengue Types 1,4 E",AAEL009484
881,"Dengue Types 1,4 E",AAEL009766
882,"Dengue Types 1,4 E",AAEL010066
883,"Dengue Types 1,4 E",AAEL011129
884,"Dengue Types 1,4 E",AAEL011742
885,"Dengue Types 1,4 E",AAEL012556
886,"Dengue Types 1,4 E",AAEL013933
887,"Dengue Types 1,4 NS5",AAEL014281
888,"Dengue Types 2,4 C",AAEL007201
889,C,AAEL003670
890,C,AAEL003863
891,C,AAEL010782
892,C,AAEL015390
893,C,AAEL015681
894,NS3,AAEL000709
895,NS3,AAEL002145
896,NS3,AAEL002565
897,NS3,AAEL004843
898,NS5,AAEL012527
899,NS2A,AAEL000032
900,NS2A,AAEL003670
901,NS2A,AAEL017096
902,NS4B,AAEL001928
903,NS4B,AAEL017096
904,Dengue Type 1 C,GOLGB1
905,Dengue Type 1 C,MTF1
906,Dengue Type 1 C,OS9
907,Dengue Type 1 E,AP3B1
908,Dengue Type 1 E,CD3E
909,Dengue Type 1 E,CORO1A
910,Dengue Type 1 E,DERL2
911,Dengue Type 1 E,IMPDH2
912,Dengue Type 1 E,NAP1L1
913,Dengue Type 1 E,RPL24
914,Dengue Type 1 E,RPL6
915,Dengue Type 1 E,ZNF394
916,Dengue Type 1 E,CD3G
917,Dengue Type 1 E,CD209
918,Dengue Type 1 E,CD209
919,Dengue Type 1 E,RPSA
920,Dengue Type 1 E,RPSA
921,Dengue Type 1 NS1,ANP32B
922,Dengue Type 1 NS1,AP3B1
923,Dengue Type 1 NS1,BIRC2
924,Dengue Type 1 NS1,BOD1L
925,Dengue Type 1 NS1,NAP1L1
926,Dengue Type 1 NS1,OS9
927,Dengue Type 1 NS1,RPS27
928,Dengue Type 1 NS1,RRP12
929,Dengue Type 1 NS1,S100A9
930,Dengue Type 1 NS3,RPL24
931,Dengue Type 1 NS5,ANP32B
932,Dengue Type 1 NS5,CD3E
933,Dengue Type 1 NS5,CORO1A
934,Dengue Type 1 NS5,NFKBIA
935,Dengue Type 1 NS5,RPS7
936,Dengue Type 2 C,ACY1
937,Dengue Type 2 C,ALDOB
938,Dengue Type 2 C,CLU
939,Dengue Type 2 C,CLU
940,Dengue Type 2 C,HLAB
941,Dengue Type 2 C,MBP
942,Dengue Type 2 C,MFAP3L
943,Dengue Type 2 C,MPRIP
944,Dengue Type 2 C,MRIP
945,Dengue Type 2 C,PCP4L1
946,Dengue Type 2 C,SLC24A2
947,Dengue Type 2 C,TUBA1A
948,Dengue Type 2 C,DERL2
949,Dengue Type 2 C,FMR1
950,Dengue Type 2 C,IMPDH2
951,Dengue Type 2 C,PSMC1
952,Dengue Type 2 C,HBB
953,Dengue Type 2 C,APOE
954,Dengue Type 2 C,KPNA1
955,Dengue Type 2 C,H2A
956,Dengue Type 2 C,H2B
957,Dengue Type 2 C,H3
958,Dengue Type 2 C,H4
959,Dengue Type 2 E,ARHGEF11
960,Dengue Type 2 E,BAAT
961,Dengue Type 2 E,CLIC2
962,Dengue Type 2 E,F8
963,Dengue Type 2 E,HPX
964,Dengue Type 2 E,HPX
965,Dengue Type 2 E,IPO13
966,Dengue Type 2 E,NRGN
967,Dengue Type 2 E,PLG
968,Dengue Type 2 E,RNR2
969,Dengue Type 2 E,RUFY3
970,Dengue Type 2 E,SMU1
971,Dengue Type 2 E,TMOD1
972,Dengue Type 2 E,CD14
973,Dengue Type 2 E,GTPBP4
974,Dengue Type 2 E,DDX3X
975,Dengue Type 2 E,BCL2
976,Dengue Type 2 E,BCL2L1
977,Dengue Type 2 E,CALR
978,Dengue Type 2 E,CANX
979,Dengue Type 2 E,HSPA5
980,Dengue Type 2 E,STAT1
981,Dengue Type 2 E,STAT3
982,Dengue Type 2 E,TYK2
983,Dengue Type 2 E,ZAP70
984,Dengue Type 2 E,HSPA5
985,Dengue Type 2 E,CALR
986,Dengue Type 2 E,UBE2I
987,Dengue Type 2 E,HSP70/HSPA4
988,Dengue Type 2 E,HSP90AA1
989,Dengue Type 2 E,HSPA4
990,Dengue Type 2 E,IL10
991,Dengue Type 2 NS1,C4B
992,Dengue Type 2 NS1,STAT3
993,Dengue Type 2 NS1,CALR
994,Dengue Type 2 NS1,EIF4G2
995,Dengue Type 2 NS1,FAM123B
996,Dengue Type 2 NS1,FGB
997,Dengue Type 2 NS1,LAMB1
998,Dengue Type 2 NS1,MAP3K7IP2
999,Dengue Type 2 NS1,PAIP1
1000,Dengue Type 2 NS1,PTBP1
1001,Dengue Type 2 NS1,SERPIND1
1002,Dengue Type 2 NS1,SPTBN2
1003,Dengue Type 2 NS1,SRFBP1
1004,Dengue Type 2 NS1,TCF7L2
1005,Dengue Type 2 NS1,WWC1
1006,Dengue Type 2 NS2A,DDX3X
1007,Dengue Type 2 NS2A,SCLT1
1008,Dengue Type 2 NS2A,KIF1B
1009,Dengue Type 2 NS2A,AKAP1
1010,Dengue Type 2 NS2A,AKR7A3
1011,Dengue Type 2 NS2A,APOA1
1012,Dengue Type 2 NS2A,APOB
1013,Dengue Type 2 NS2A,BMS1
1014,Dengue Type 2 NS2A,C4A
1015,Dengue Type 2 NS2A,CCDC66
1016,Dengue Type 2 NS2A,CCDC88C
1017,Dengue Type 2 NS2A,CNOT1
1018,Dengue Type 2 NS2A,COPS2
1019,Dengue Type 2 NS2A,CTNNB1
1020,Dengue Type 2 NS2A,DCTN1
1021,Dengue Type 2 NS2A,DDX5
1022,Dengue Type 2 NS2A,DST
1023,Dengue Type 2 NS2A,FAM123B
1024,Dengue Type 2 NS2A,FGA
1025,Dengue Type 2 NS2A,GOLSYN
1026,Dengue Type 2 NS2A,MYH14
1027,Dengue Type 2 NS2A,PSMD1
1028,Dengue Type 2 NS2A,SEC31A
1029,Dengue Type 2 NS2A,SFRS11
1030,Dengue Type 2 NS2A,SPG7
1031,Dengue Type 2 NS2A,SYNE2
1032,Dengue Type 2 NS2A,TNFRSF10B
1033,Dengue Type 2 NS2B,HBA1
1034,Dengue Type 2 NS2B,AGGF1
1035,Dengue Type 2 NS2B,COL12A1
1036,Dengue Type 2 NS2B,DDX5
1037,Dengue Type 2 NS2B,DST
1038,Dengue Type 2 NS2B,FAM123B
1039,Dengue Type 2 NS2B,FN1
1040,Dengue Type 2 NS2B,FYB
1041,Dengue Type 2 NS2B,KNG1
1042,Dengue Type 2 NS2B,KPNA3
1043,Dengue Type 2 NS2B,MAP3K7IP2
1044,Dengue Type 2 NS2B,NID1
1045,Dengue Type 2 NS2B,NUP50
1046,Dengue Type 2 NS2B,PAIP1
1047,Dengue Type 2 NS2B,PECI
1048,Dengue Type 2 NS2B,PIAS1
1049,Dengue Type 2 NS2B,SERPIND1
1050,Dengue Type 2 NS2B,UBE2I
1051,Dengue Type 2 NS2B,UBXD4
1052,Dengue Type 2 NS2B,WWC1
1053,Dengue Type 2 NS2B,ZNF688
1054,Dengue Type 2 NS3,HBA1
1055,Dengue Type 2 NS3,RPL6
1056,Dengue Type 2 NS3,TMF1
1057,Dengue Type 2 NS3,BOD1L
1058,Dengue Type 2 NS3,MYCBP2
1059,Dengue Type 2 NS3,TRIP11
1060,Dengue Type 2 NS3,SERPIND1
1061,Dengue Type 2 NS3,ENOX2
1062,Dengue Type 2 NS3,HSP90AB1
1063,Dengue Type 2 NS3,ZBTB8OS
1064,Dengue Type 2 NS3,TRAF4
1065,Dengue Type 2 NS3,APAF1
1066,Dengue Type 2 NS3,RAD51
1067,Dengue Type 2 NS3,TK1
1068,Dengue Type 2 NS3,DDX5
1069,Dengue Type 2 NS3,AKAP8L
1070,Dengue Type 2 NS3,ANKRD50
1071,Dengue Type 2 NS3,DCTN2
1072,Dengue Type 2 NS3,EMILIN1
1073,Dengue Type 2 NS3,FGB
1074,Dengue Type 2 NS3,KIF1B
1075,Dengue Type 2 NS3,KTN1
1076,Dengue Type 2 NS3,LOC642846
1077,Dengue Type 2 NS3,LOC728047
1078,Dengue Type 2 NS3,PCM1
1079,Dengue Type 2 NS3,PDCD6IP
1080,Dengue Type 2 NS3,PRDX6
1081,Dengue Type 2 NS3,PTBP1
1082,Dengue Type 2 NS3,RAI14
1083,Dengue Type 2 NS3,SRFBP1
1084,Dengue Type 2 NS3,TCF7L2
1085,Dengue Type 2 NS3,UACA
1086,Dengue Type 2 NS3,GBF1
1087,Dengue Type 2 NS3,ACTA2
1088,Dengue Type 2 NS3,ACTB
1089,Dengue Type 2 NS3,ACTG1
1090,Dengue Type 2 NS3,ACTG2
1091,Dengue Type 2 NS3,AMBP
1092,Dengue Type 2 NS3,APBB1IP
1093,Dengue Type 2 NS3,AXIN1
1094,Dengue Type 2 NS3,BCL2L14
1095,Dengue Type 2 NS3,C8orf77
1096,Dengue Type 2 NS3,C9orf117
1097,Dengue Type 2 NS3,CAMK2B
1098,Dengue Type 2 NS3,CAMTA2
1099,Dengue Type 2 NS3,CASP8
1100,Dengue Type 2 NS3,CEP250
1101,Dengue Type 2 NS3,CEP63
1102,Dengue Type 2 NS3,DNAJC14
1103,Dengue Type 2 NS3,DYX1C1
1104,Dengue Type 2 NS3,EIF5A
1105,Dengue Type 2 NS3,FAM184A
1106,Dengue Type 2 NS3,FHL2
1107,Dengue Type 2 NS3,GGA1
1108,Dengue Type 2 NS3,ILF3
1109,Dengue Type 2 NS3,KIF3B
1110,Dengue Type 2 NS3,KRT19
1111,Dengue Type 2 NS3,NECAB2
1112,Dengue Type 2 NS3,NME3
1113,Dengue Type 2 NS3,OPTN
1114,Dengue Type 2 NS3,PABPC1
1115,Dengue Type 2 NS3,PHLDB3
1116,Dengue Type 2 NS3,PLS3
1117,Dengue Type 2 NS3,PRKRA
1118,Dengue Type 2 NS3,PRMT5
1119,Dengue Type 2 NS3,PSMD13
1120,Dengue Type 2 NS3,RPS20
1121,Dengue Type 2 NS3,SCMH1
1122,Dengue Type 2 NS3,TNIP1
1123,Dengue Type 2 NS3,TOX4
1124,Dengue Type 2 NS3,TRAFD1
1125,Dengue Type 2 NS3,TSG101
1126,Dengue Type 2 NS3,AZI2
1127,Dengue Type 2 NS4A,HBA1
1128,Dengue Type 2 NS4A,PTBP1
1129,Dengue Type 2 NS4A,C14orf94
1130,Dengue Type 2 NS4A,CALCOCO2
1131,Dengue Type 2 NS4A,CNOT1
1132,Dengue Type 2 NS4A,FN1
1133,Dengue Type 2 NS4A,TAX1BP1
1134,Dengue Type 2 NS4A,SOCS1
1135,Dengue Type 2 NS4B,HBA1
1136,Dengue Type 2 NS4B,DDX3X
1137,Dengue Type 2 NS4B,KRT8
1138,Dengue Type 2 NS4B,UBE2I
1139,Dengue Type 2 NS4B,PGK1
1140,Dengue Type 2 NS4B,STAT1
1141,Dengue Type 2 NS5,STAT2
1142,Dengue Type 2 NS5,EAF1
1143,Dengue Type 2 NS5,EAF2
1144,Dengue Type 2 NS5,EEF1B2
1145,Dengue Type 2 NS5,ERC1
1146,Dengue Type 2 NS5,HSP90AB1
1147,Dengue Type 2 NS5,KPNB1
1148,Dengue Type 2 NS5,TRIM2
1149,Dengue Type 2 NS5,TRIP11
1150,Dengue Type 2 NS5,VPS11
1151,Dengue Type 2 NS5,XPA
1152,Dengue Type 2 NS5,AKAP9
1153,Dengue Type 2 NS5,ANKRD50
1154,Dengue Type 2 NS5,APOB
1155,Dengue Type 2 NS5,CGNL1
1156,Dengue Type 2 NS5,COPS2
1157,Dengue Type 2 NS5,DCUN1D4
1158,Dengue Type 2 NS5,DDX3X
1159,Dengue Type 2 NS5,DDX5
1160,Dengue Type 2 NS5,EID1
1161,Dengue Type 2 NS5,GOLGA2
1162,Dengue Type 2 NS5,TTC1
1163,Dengue Type 2 NS5,SIAH2
1164,Dengue Type 2 NS5,XPO1
1165,Dengue Type 2 NS5,MATR3
1166,Dengue Type 2 NS5,STAT2
1167,Dengue Type 2 NS5,STAT2
1168,Dengue Type 2 NS5,UBR4
1169,Dengue Type 2 NS5,UBR4
1170,Dengue Type 2 NS5,ALDH3A2
1171,Dengue Type 2 NS5,CALR
1172,Dengue Type 2 NS5,CAT
1173,Dengue Type 2 NS5,CCDC88C
1174,Dengue Type 2 NS5,CEP135
1175,Dengue Type 2 NS5,COBLL1
1176,Dengue Type 2 NS5,CROP
1177,Dengue Type 2 NS5,CUL7
1178,Dengue Type 2 NS5,DST
1179,Dengue Type 2 NS5,FGA
1180,Dengue Type 2 NS5,HOOK1
1181,Dengue Type 2 NS5,LOC642846
1182,Dengue Type 2 NS5,LOC643696
1183,Dengue Type 2 NS5,LOC728047
1184,Dengue Type 2 NS5,NUMA1
1185,Dengue Type 2 NS5,PCNT
1186,Dengue Type 2 NS5,PIAS1
1187,Dengue Type 2 NS5,RNASET2
1188,Dengue Type 2 NS5,SDCCAG8
1189,Dengue Type 2 NS5,SFRS11
1190,Dengue Type 2 NS5,SPTAN1
1191,Dengue Type 2 NS5,SPTBN2
1192,Dengue Type 2 NS5,SYNE1
1193,Dengue Type 2 NS5,TP53BP2
1194,Dengue Type 2 NS5,TRIM62
1195,Dengue Type 2 NS5,VPS37A
1196,Dengue Type 2 NS5,GBF1
1197,Dengue Type 2 NS5,ARHGAP25
1198,Dengue Type 2 NS5,ARID2
1199,Dengue Type 2 NS5,ARNTL
1200,Dengue Type 2 NS5,ATN1
1201,Dengue Type 2 NS5,BICD1
1202,Dengue Type 2 NS5,C14orf118
1203,Dengue Type 2 NS5,C19orf21
1204,Dengue Type 2 NS5,CAMTA2
1205,Dengue Type 2 NS5,CCDC14
1206,Dengue Type 2 NS5,CCDC99
1207,Dengue Type 2 NS5,CCNL2
1208,Dengue Type 2 NS5,CDH11
1209,Dengue Type 2 NS5,CEP250
1210,Dengue Type 2 NS5,CHD3
1211,Dengue Type 2 NS5,CLIP1
1212,Dengue Type 2 NS5,DNM2
1213,Dengue Type 2 NS5,DVL2
1214,Dengue Type 2 NS5,EBNA1BP2
1215,Dengue Type 2 NS5,EMILIN1
1216,Dengue Type 2 NS5,ENO1
1217,Dengue Type 2 NS5,EVI1
1218,Dengue Type 2 NS5,FAM184A
1219,Dengue Type 2 NS5,FAM92B
1220,Dengue Type 2 NS5,GOPC
1221,Dengue Type 2 NS5,GRN
1222,Dengue Type 2 NS5,HECW1
1223,Dengue Type 2 NS5,HNRPF
1224,Dengue Type 2 NS5,HNRPH3
1225,Dengue Type 2 NS5,IFNAR2
1226,Dengue Type 2 NS5,ITIH3
1227,Dengue Type 2 NS5,JAG1
1228,Dengue Type 2 NS5,LAMB2
1229,Dengue Type 2 NS5,LRRC45
1230,Dengue Type 2 NS5,LTBP3
1231,Dengue Type 2 NS5,MDFI
1232,Dengue Type 2 NS5,MED4
1233,Dengue Type 2 NS5,MLPH
1234,Dengue Type 2 NS5,MRPL20
1235,Dengue Type 2 NS5,MYH9
1236,Dengue Type 2 NS5,NIPSNAP1
1237,Dengue Type 2 NS5,NKAPL
1238,Dengue Type 2 NS5,NOC2L
1239,Dengue Type 2 NS5,PDE4DIP
1240,Dengue Type 2 NS5,PHC2
1241,Dengue Type 2 NS5,PIAS3
1242,Dengue Type 2 NS5,PPIA
1243,Dengue Type 2 NS5,PPP1R3E
1244,Dengue Type 2 NS5,PPRC1
1245,Dengue Type 2 NS5,RASSF7
1246,Dengue Type 2 NS5,RNF12
1247,Dengue Type 2 NS5,RNF125
1248,Dengue Type 2 NS5,RNUXA
1249,Dengue Type 2 NS5,SCRIB
1250,Dengue Type 2 NS5,SMARCB1
1251,Dengue Type 2 NS5,SNRPA
1252,Dengue Type 2 NS5,TAF15
1253,Dengue Type 2 NS5,TMEFF2
1254,Dengue Type 2 NS5,TMEM57
1255,Dengue Type 2 NS5,TOM1L1
1256,Dengue Type 2 NS5,TRIM21
1257,Dengue Type 2 NS5,TXNDC9
1258,Dengue Type 2 NS5,TYK2
1259,Dengue Type 2 NS5,VIM
1260,Dengue Type 2 NS5,ZBTB17
1261,Dengue Type 2 NS5,ZCCHC17
1262,Dengue Type 2 NS5,ZNF135
1263,Dengue Type 2 NS5,KAT5
1264,Dengue Type 2 PrM/M,APOA2
1265,Dengue Type 2 PrM/M,CLIC2
1266,Dengue Type 2 PrM/M,CLU
1267,Dengue Type 2 PrM/M,CLU
1268,Dengue Type 2 PrM/M,HMGXB3
1269,Dengue Type 2 PrM/M,NF1
1270,Dengue Type 2 PrM/M,OXSR1
1271,Dengue Type 2 PrM/M,PEBP1
1272,Dengue Type 2 PrM/M,PLG
1273,Dengue Type 2 PrM/M,RNR2
1274,Dengue Type 2 PrM/M,TMEM167B
1275,Dengue Type 2 PrM/M,TOB1
1276,Dengue Type 2 PrM/M,TSPAN3
1277,Dengue Type 2 PrM/M,TSPAN3
1278,Dengue Type 2 PrM/M,TUBA1A
1279,Dengue Type 2 PrM/M,ZNF365
1280,Dengue Type 2 PrM/M,BOD1L
1281,Dengue Type 2 PrM/M,FAM192A
1282,Dengue Type 2 PrM/M,HSPA5
1283,Dengue Type 2 PrM/M,LRRFIP1
1284,Dengue Type 2 PrM/M,RRP12
1285,Dengue Type 2 PrM/M,ZNF410
1286,Dengue Type 2 PrM/M,DDX24
1287,Dengue Type 2 PrM/M,FUNDC1
1288,Dengue Type 2 PrM/M,FUNDC2
1289,Dengue Type 3 C,DENND1C
1290,Dengue Type 3 C,DNTTIP2
1291,Dengue Type 3 NS5,CALCOCO2
1292,Dengue Type 3 NS5,HSPA5
1293,Dengue Type 4 C,RPL5
1294,Dengue Type 4 NS3,SSB
1295,Dengue Type 4 NS5,SSB
1296,"Dengue Types 1,2 C",ZNF410
1297,"Dengue Types 1,2 C",HSPA5
1298,"Dengue Types 1,2 E",HBB
1299,"Dengue Types 1,2 E",LRRFIP1
1300,"Dengue Types 1,2 E",RPS7
1301,"Dengue Types 1,2 NS3",AP3B1
1302,"Dengue Types 1,2 NS3",BIRC2
1303,"Dengue Types 1,2 NS3",DENND1C
1304,"Dengue Types 1,2 NS3",GTPBP4
1305,"Dengue Types 1,2 NS3",NAP1L1
1306,"Dengue Types 1,2 NS3",HSPA5
1307,"Dengue Types 1,2 NS5",ANKRD12
1308,"Dengue Types 1,2 NS5",AP3B1
1309,"Dengue Types 1,2 NS5",BIRC2
1310,"Dengue Types 1,2 NS5",BOD1L
1311,"Dengue Types 1,2 NS5",CD3G
1312,"Dengue Types 1,2 NS5",DENND1C
1313,"Dengue Types 1,2 NS5",GTPBP4
1314,"Dengue Types 1,2 NS5",IMPDH2
1315,"Dengue Types 1,2 NS5",NAP1L1
1316,"Dengue Types 1,2 NS5",RPL6
1317,"Dengue Types 1,2 NS5",RPS27
1318,"Dengue Types 1,2 NS5",S100A9
1319,"Dengue Types 1,2 NS5",ZNF394
1320,"Dengue Types 1,2 NS5",GOLGB1
1321,"Dengue Types 1,2 NS5",STAT2
1322,"Dengue Types 1,2,3 C",TMF1
1323,"Dengue Types 1,2,3 NS5",HBA1
1324,"Dengue Types 1,2,3 NS5",MTF1
1325,"Dengue Types 1,2,3 NS5",NRBP1
1326,"Dengue Types 1,2,3 NS5",OS9
1327,"Dengue Types 1,2,3 NS5",ZNF410
1328,"Dengue Types 1,2,3 NS5",DNTTIP2
1329,"Dengue Types 1,2,3,4 C",ANP32B
1330,"Dengue Types 1,2,3,4 C",CORO1A
1331,"Dengue Types 1,2,3,4 C",FAM192A
1332,"Dengue Types 1,2,3,4 C",RPL12
1333,"Dengue Types 1,2,3,4 C",WWP1
1334,"Dengue Types 1,2,3,4 C",ANKRD12
1335,"Dengue Types 1,2,3,4 C",AP3B1
1336,"Dengue Types 1,2,3,4 C",BIRC2
1337,"Dengue Types 1,2,3,4 C",BOD1L
1338,"Dengue Types 1,2,3,4 C",CD3G
1339,"Dengue Types 1,2,3,4 C",GTPBP4
1340,"Dengue Types 1,2,3,4 C",HBA1
1341,"Dengue Types 1,2,3,4 C",RPL6
1342,"Dengue Types 1,2,3,4 C",RPS7
1343,"Dengue Types 1,2,3,4 C",RRP12
1344,"Dengue Types 1,2,3,4 C",S100A9
1345,"Dengue Types 1,2,3,4 C",RPS27
1346,"Dengue Types 1,2,3,4 C",NAP1L1
1347,"Dengue Types 1,2,3,4 NS3",CALCOCO2
1348,"Dengue Types 1,2,3,4 NS3",CORO1A
1349,"Dengue Types 1,2,3,4 NS3",DERL2
1350,"Dengue Types 1,2,3,4 NS3",FMR1
1351,"Dengue Types 1,2,3,4 NS3",IMPDH2
1352,"Dengue Types 1,2,3,4 NS3",PSMC1
1353,"Dengue Types 1,2,3,4 NS3",RPL12
1354,"Dengue Types 1,2,3,4 NS3",RPL5
1355,"Dengue Types 1,2,3,4 NS3",WWP1
1356,"Dengue Types 1,2,3,4 NS3",ANP32B
1357,"Dengue Types 1,2,3,4 NS3",CORO1A
1358,"Dengue Types 1,2,3,4 NS3",DNTTIP2
1359,"Dengue Types 1,2,3,4 NS3",GOLGB1
1360,"Dengue Types 1,2,3,4 NS3",LOC100288418
1361,"Dengue Types 1,2,3,4 NS3",MTF1
1362,"Dengue Types 1,2,3,4 NS3",OS9
1363,"Dengue Types 1,2,3,4 NS3",ZNF410
1364,"Dengue Types 1,2,3,4 NS3",NRBP1
1365,"Dengue Types 1,2,3,4 NS5",HBB
1366,"Dengue Types 1,2,3,4 NS5",LRRFIP1
1367,"Dengue Types 1,2,3,4 NS5",RPL5
1368,"Dengue Types 1,2,3,4 NS5",RRP12
1369,"Dengue Types 1,2,3,4 NS5",CYTIP
1370,"Dengue Types 1,2,3,4 NS5",DERL2
1371,"Dengue Types 1,2,3,4 NS5",FAM192A
1372,"Dengue Types 1,2,3,4 NS5",FMR1
1373,"Dengue Types 1,2,3,4 NS5",PSMC1
1374,"Dengue Types 1,2,3,4 NS5",RILPL2
1375,"Dengue Types 1,2,3,4 NS5",WWP1
1376,"Dengue Types 1,2,3,4 NS5",RPL12
1377,"Dengue Types 1,2,3,4 PrM/M",DYNLT1
1378,"Dengue Types 1,2,4 C",LRRFIP1
1379,"Dengue Types 1,2,4 C",ZNF394
1380,"Dengue Types 1,2,4 E",FAM192A
1381,"Dengue Types 1,2,4 E",RPL12
1382,"Dengue Types 1,2,4 E",RPL5
1383,"Dengue Types 1,2,4 E",RRP12
1384,"Dengue Types 1,2,4 E",WWP1
1385,"Dengue Types 1,2,4 NS3",FAM192A
1386,"Dengue Types 1,2,4 NS3",RPS7
1387,"Dengue Types 1,2,4 NS3",S100A9
1388,"Dengue Types 1,2,4 NS3",ZNF394
1389,"Dengue Types 1,2,4 NS3",LRRFIP1
1390,"Dengue Types 1,2,4 NS3",RILPL2
1391,"Dengue Types 1,2,4 NS3",NFKBIA
1392,"Dengue Types 1,4 C",RILPL2
1393,"Dengue Types 1,4 E",ANP32B
1394,"Dengue Types 1,4 E",CALCOCO2
1395,"Dengue Types 1,4 E",DNTTIP2
1396,"Dengue Types 1,4 E",FMR1
1397,"Dengue Types 1,4 E",GOLGB1
1398,"Dengue Types 1,4 E",HBA1
1399,"Dengue Types 1,4 E",MTF1
1400,"Dengue Types 1,4 E",NRBP1
1401,"Dengue Types 1,4 E",OS9
1402,"Dengue Types 1,4 E",PSMC1
1403,"Dengue Types 1,4 E",ZNF410
1404,"Dengue Types 2,4 NS3",RPS27
1405,"Dengue Types 2,4 NS3",RRP12
1406,"Dengue Types 2,4 NS3",HBB
1407,C,NCL
1408,C,HNRNPK
1409,C,CD3E
1410,C,PLIN3
1411,C,DAXX
1412,E,CANX
1413,NS1,C4BP
1414,NS1,CLU
1415,NS1,HNRNPC
1416,NS2A,GC
1417,NS3,EIF4G2
1418,NS3,ENO1
1419,NS3,FASN
1420,NS3,PIK3CB
1421,NS3,YWHAQ (14-3-3)
1422,NS4A,PTBP1
1423,NS4A,PTBP1
1424,NS4A,IFNAR1
1425,NS4A,IFNAR2
1426,NS4A,IFNB1
1427,NS4A,JAK2
1428,NS4A,TYK2
1429,NS4B,IFNAR2
1430,NS4B,IFNGR1
1431,NS4B,JAK1
1432,NS4B,JAK2
1433,NS4B,TYK2
1434,NS5,PRKG1
1435,NS5,TJP1
1436,NS5,IFNAR2
1437,NS5,IFNGR1
1438,NS5,IFNGR2
